UserName,ScreenName,Location,TweetAt,OriginalTweet,Sentiment,,,,
3799,48751,London,16-03-2020,@MeNyrbie @Phil_Gahan @Chrisitv https://t.co/iFz9FAn2Pa and https://t.co/xX6ghGFzCC and https://t.co/I2NlzdxNo8,Neutral,,,,
3800,48752,UK,16-03-2020,advice Talk to your neighbours family to exchange phone numbers create contact list with phone numbers of neighbours schools employer chemist GP set up online shopping accounts if poss adequate supplies of regular meds but not over order,Positive,,,,
3801,48753,Vagabonds,16-03-2020,"Coronavirus Australia: Woolworths to give elderly, disabled dedicated shopping hours amid COVID-19 outbreak https://t.co/bInCA9Vp8P",Positive,,,,
3802,48754,,16-03-2020,"My food stock is not the only one which is empty...



PLEASE, don't panic, THERE WILL BE ENOUGH FOOD FOR EVERYONE if you do not take more than you need. 

Stay calm, stay safe.



#COVID19france #COVID_19 #COVID19 #coronavirus #confinement #Confinementotal #ConfinementGeneral https://t.co/zrlG0Z520j",Positive,,,,
3803,48755,,16-03-2020,"Me, ready to go at supermarket during the #COVID19 outbreak.



Not because I'm paranoid, but because my food stock is litteraly empty. The #coronavirus is a serious thing, but please, don't panic. It causes shortage...



#CoronavirusFrance #restezchezvous #StayAtHome #confinement https://t.co/usmuaLq72n",Extremely Negative,,,,
3804,48756,"ÜT: 36.319708,-82.363649",16-03-2020,"As news of the regions first confirmed COVID-19 case came out of Sullivan County last week, people flocked to area stores to purchase cleaning supplies, hand sanitizer, food, toilet paper and other goods, @Tim_Dodson reports https://t.co/cfXch7a2lU",Positive,,,,
3805,48757,"35.926541,-78.753267",16-03-2020,"Cashier at grocery store was sharing his insights on #Covid_19 To prove his credibility he commented ""I'm in Civics class so I know what I'm talking about"". https://t.co/ieFDNeHgDO",Positive,,,,
3806,48758,Austria,16-03-2020,"Was at the supermarket today. Didn't buy toilet paper. #Rebel



#toiletpapercrisis #covid_19 https://t.co/eVXkQLIdAZ",Neutral,,,,
3807,48759,"Atlanta, GA USA",16-03-2020,"Due to COVID-19 our retail store and classroom in Atlanta will not be open for walk-in business or classes for the next two weeks, beginning Monday, March 16.  We will continue to process online and phone orders as normal! Thank you for your understanding! https://t.co/kw91zJ5O5i",Positive,,,,
3808,48760,"BHAVNAGAR,GUJRAT",16-03-2020,"For corona prevention,we should stop to buy things with the cash and should use online payment methods because corona can spread through the notes. Also we should prefer online shopping from our home. It's time to fight against COVID 19?. #govindia #IndiaFightsCorona",Negative,,,,
3809,48761,"Makati, Manila",16-03-2020,"All month there hasn't been crowding in the supermarkets or restaurants, however reducing all the hours and closing the malls means everyone is now using the same entrance and dependent on a single supermarket. #manila #lockdown #covid2019 #Philippines https://t.co/HxWs9LAnF9",Neutral,,,,
3810,48762,"Pitt Meadows, BC, Canada ",16-03-2020,"Due to the Covid-19 situation, we have increased demand for all food products. 



The wait time may be longer for all online orders, particularly beef share and freezer packs. 



We thank you for your patience during this time.",Extremely Positive,,,,
3811,48763,Horningsea,16-03-2020,"#horningsea is a caring community. Lets ALL look after the less capable in our village and ensure they stay healthy. Bringing shopping to their doors, help with online shopping and self isolation if you have symptoms or been exposed to somebody who has. https://t.co/lsGrXXhjhh",Extremely Positive,,,,
3812,48764,"Chicago, IL",16-03-2020,"Me: I don't need to stock up on food, I'll just have Amazon deliver whatever I need #CoronaVirus



Amazon: https://t.co/8YWaKFjExC",Positive,,,,
3813,48765,,16-03-2020,ADARA Releases COVID-19 Resource Center for Travel Brands: Insights Help Travel Brands Stay Up-To-Date on Consumer Travel Behavior Trends https://t.co/PnA797jDKV https://t.co/dQox6uSihz,Positive,,,,
3814,48766,"Houston, Texas",16-03-2020,"Lines at the grocery store have been unpredictable, but is eating out a safe alternative? 



Find out more about whether you should be avoiding restaurants right now:  https://t.co/9idZSis5oQ



#coronavirus #covid19 https://t.co/ZHbh898lf6",Positive,,,,
3816,48768,"Ontario, Canada",16-03-2020,"@eyeonthearctic 16MAR20 Russia consumer surveillance watchdog reported case in high Arctic where a man who traveled to Iran has COVID-19 and 101 are ""observed""

https://t.co/4WnrrK9oKC https://t.co/ld05k5Eyns",Neutral,,,,
3817,48769,North America,16-03-2020,"Amazon Glitch Stymies Whole Foods, Fresh Grocery Deliveries

As COVID-19 has spread, weve seen a significant increase in people shopping online for groceries, a spokeswoman said in a statement. Today this resulted in a systems impact affecting our ...

 https://t.co/TbzZ2MC3b3",Extremely Positive,,,,
3818,48770,"Denver, CO",16-03-2020,"For those who aren't struggling, please consider donating to a food bank or a nonprofit. The demand for these services will increase as COVID-19 impacts jobs, and people's way of life.",Positive,,,,
3819,48771,southampton soxx xxx,16-03-2020,with 100  nations inficted with  covid  19  the world must  not  play fair with china  100 goverments must demand  china  adopts new guilde  lines on food safty  the  chinese  goverment  is guilty of  being  irosponcible   with life  on a global scale,Extremely Negative,,,,
3820,48772,Global,16-03-2020,"https://t.co/AVKrR9syff



The COVID-19 coronavirus pandemic is impacting consumer shopping behavior, purchase decisions and retail sales, according to a First Insight study.",Neutral,,,,
3821,48773,,16-03-2020,"We have AMAZING CHEAP DEALS! FOR THE #COVID2019 going on to help you???

#Trials

#Monthly

#Yearly 

And Resonable #Prices / #Subscriptions

Just DM US! #bestiptv #iptv #Service #Iptv #iptvdeals #Cheap #ipTV #Football #HD #Movies #Adult #Cinema #hotmovies #iptvnew #iptv2020 #Adult",Extremely Positive,,,,
3822,48774,,16-03-2020,"We have AMAZING CHEAP DEALS! FOR THE #COVID2019 going on to help you???

#Trials

#Monthly

#Yearly 

And Resonable #Prices / #Subscriptions

Just DM US! #bestiptv #iptv #Service #Iptv #iptvdeals #Cheap #ipTV #Football #HD #Movies #Adult #Cinema #hotmovies #ipTv IPTVLinks #18Movies",Extremely Positive,,,,
3823,48775,Downstage centre,16-03-2020,@10DowningStreet @grantshapps what is being done to ensure food and other essential products are being re-stocked at supermarkets and panic buying actively discouraged? It cannot be left to checkout staff to police the actions of the selfish and profiteer,Negative,,,,
3824,48776,London,16-03-2020,UK #consumer poll indicates the majority expect #covid19's impact to last 4-12 months (at 12 March). We expect this to increase at the next #tracker... See full results of the @RetailX Coronavirus Consumer Confidence Tracker here: https://t.co/K3uJlcjqDB https://t.co/9G3kgqIXJ8,Extremely Positive,,,,
3825,48777,"Ketchum, Idaho",16-03-2020,"In preparation for higher demand and a potential food shortage, The Hunger Coalition purchased 10 percent more food and implemented new protocols due to the COVID-19 coronavirus. https://t.co/5CecYtLnYn",Negative,,,,
3826,48778,Everywhere You Are!,16-03-2020,"This morning I tested positive for Covid 19. I feel ok, I have no symptoms so far but have been isolated since I found out about my possible exposure to the virus.  Stay home people and be pragmatic. I will keep you updated on how Im doing ???? No panic. https://t.co/Lg7HVMZglZ",Extremely Negative,,,,
3827,48779,"New York, NY",16-03-2020,"Do you see malicious price increases in NYC? The NYC Department of Consumer and Worker Protection (DCWP) has set up a page to digitally file a complaint. Click here: https://t.co/oEx6Y8mm2K



To file a complaint (use the word""Overcharge"") https://t.co/MdMmoBttOP

#COVID19 #CovidNYC",Negative,,,,
3828,48780,"Someplace, USA",16-03-2020,"@7SealsOfTheEnd Soon with dwindling supplies unlawful Panicky people will be breaking into Closed Stores &amp; Supermarkets to Raid them as they normally do during a Crisis so massive as the #Coronavirus



#StockUp&amp;LockUp",Extremely Negative,,,,
3829,48781,,16-03-2020,There Is of in the Country  The more empty shelves people see the more buying ensues the more food is out of stock,Negative,,,,
3830,48782,,16-03-2020,"'Hole' Foods...



...images from the nicest grocery store in one of the richest neighborhoods in the United States.



https://t.co/WnQSoMtkVI



#BreakingNews #Breaking #Coronavirus #CoronavirusOutbreak #COVID19 #COVID?19 #COVID_19 #COVID2019 #Collapse",Extremely Positive,,,,
3831,48783,"Markham, Ontario",16-03-2020,"Retail store closures could explode because of the #coronavirus (via @CNBC). #BrickAndMortar



https://t.co/hQrYRNXFhv https://t.co/g5UZn06gb6",Neutral,,,,
3832,48784,"Virginia, USA",16-03-2020,"Coronavirus fun fact: if you cough at the grocery store, you get the whole aisle to yourself pretty quickly.

#CoronavirusOutbreak #coronavirus #COVID2019",Extremely Positive,,,,
3833,48785,"London, England",16-03-2020,"We're sorry to say that our @FinFabUK event is being cancelled due to Covid-19. The health and wellbeing of our attendees, speakers and staff is our top priority. Apologies for any disappointment this may cause. All FAQs are answered in the link below:

https://t.co/GDDPTudCvj",Negative,,,,
3834,48786,Sverige,16-03-2020,Went to the supermarket yesterday and the toilet paper was gone. Has this anything to do with the Corona virus? #COVID2019,Neutral,,,,
3835,48787,Where The Wild Things Are,16-03-2020,"Yes, buy only what you need.



But what's the point of posting photos of those people in the supermarket with a load of stuff? They could be buying for all their elderly parents, kids, siblings, etc who can't buy for themselves



Not everything needs to be viral, Covid-19 alr is",Positive,,,,
3836,48788,Canada,16-03-2020,Worried about the impact of the current COVID-19 pandemic on your finances? Weve just published some tips to help you manage your money during these challenging times. #COVID19 https://t.co/3jKK3CqXfQ https://t.co/EbEnURmmJS,Positive,,,,
3837,48789,,16-03-2020,"my wife works retail&amp;a customer came in yesterday, coughing everywhere, saying they have CoVid-19. They requested a deep clean of the store - her company objected to due to cost, recommending the team spray disinfectant&amp;clean themselves. we're gonna die/get sick due to capitalism",Negative,,,,
3838,48790,United States,16-03-2020,Now I can go to the supermarket like this without being judged! ? #CoronavirusOutbreak #COVID2019 https://t.co/krTCGiUHQS,Positive,,,,
3839,48791,"Fort Worth, Texas",16-03-2020,"We're here to provide a safe shopping experience for our customers and a healthy environment for our associates and community!

Online orders can be placed here: https://t.co/dCSXHUj3U0



#jlmco #jlmcobrand #coronapocolypse #coronavirus #CoronavirusOutbreak  #COVID19 #shoponline https://t.co/riNKwskeRS",Extremely Positive,,,,
3840,48792,,16-03-2020,"Curious,  do we think retail shoppers will do a lot of online shopping bc they're home and unable to go out or do we think everyone is too spooked to get that extra pair of shoes? #economy #onlineshopping #coronavirus #covid19 #stayhome",Positive,,,,
3841,48793,Houston,16-03-2020,CHECK VIDEO ?? https://t.co/1ksn9Brl02 ??No food ? in USA market due to coronavirus panic we gonna die from starvation #CoronavirusOutbreak #coronavirus #houston #nofood #Notoiletpaper #NoHandShakes #nohandsanitizer #COVID19 #pandemic #totallockdown #COVID2019usa #walmart https://t.co/ztN3iMkgpD,Extremely Negative,,,,
3842,48794,"Vancouver, British Columbia",16-03-2020,Breaking Story: Online clothes shopping rises as people find mysterious white patches forming on clothes. #QuarantineLife #CoronavirusOutbreak #coronavirus #IMadeThisUp #FakeNews https://t.co/5Z24hptT9M,Neutral,,,,
3843,48795,,16-03-2020,This is the line outside  @Target  in as customers wait for the store to open this morning,Neutral,,,,
3844,48796,Midrand,16-03-2020,"South Africans stock up on food, basic goods as coronavirus panic hits https://t.co/6nGNFJmy89



#CoronaVirusSA 

#Covid_19 https://t.co/pzirO10avf",Negative,,,,
3845,48797,Drogheda,16-03-2020, Please Share  Know someone who s 65 Living on their own struggling to get 2 their local supermarket due to issues around 19 We re offering FREE deliveries of our healthy soups NATIONWIDE to anyone 65 in need Plus their freezable,Extremely Positive,,,,
3846,48798,"Columbia, MO",16-03-2020,"People posting and sharing photos of of half to completely empty shelves calling those people ""dumb"" or ""idiots."" All while shopping at the grocery store. lol



#coronavirus #COVID19",Positive,,,,
3847,48799,"Arkansas, USA",16-03-2020,"Never thought I'd say this, but. 2019, Will you come back!? PLEASE! #coronavirus #COVID19 #peoplearelosingtheirminds #StopTheMadness #stoppanicbuying",Extremely Positive,,,,
3848,48800,"Washington, DC",16-03-2020,"COVID-19 restrictions sparking a run on cannabis stores



They're not closed yet! But Customers are stocking up on cannabis this weekend, preparing for what could be more retail store restrictions in coming days. https://t.co/WMqR8QWoiG",Neutral,,,,
3849,48801,"Washington, DC",16-03-2020,"""Everything were seeing in the current COVID-19 outbreak has been seen before in previous epidemics and pandemics; the rise of fear, racism, panic buying of food and medicines, conspiracy theories, the proliferation of quack cures"" https://t.co/Pr8NpKX41A",Extremely Negative,,,,
3850,48802,"Ohio, USA",16-03-2020,"Everyone is closed, but we remain open because we are an emergency store. Thank your retail workers.



#covid_19 #pandemic #socialdistancing #retail https://t.co/WtB0B1AMON",Neutral,,,,
3851,48803,"Ogden, UT",16-03-2020,"Why we stock up on water... cause utility companies will shut you off in the middle of a pandemic... the schools close thier doors, you lose out on work cause your kid has no where to go... and you cant afford months worth of food. #coronavirus @SenatorRomney https://t.co/0CV0793olS",Negative,,,,
3852,48804,,16-03-2020,"Dear Coronavirus, 

I've been following social distancing rules and staying home to prevent the spread of you.  However, now I've spent an alarming amount of money shopping online.  Where can I submit my expenses to for reimbursement? Let me know.

#coronapocolypse #coronavirus",Positive,,,,
3853,48805,,16-03-2020,Global food prices before the spread of COVID 19 intensified across several geographies We could see further downward pressures in the coming months due to continued well supplied markets and the negative impact on demand resulting from the virus,Extremely Negative,,,,
3854,48806,"West Midlands, England",16-03-2020,Morning everyone have a great and safe day. ??? #coronavirus #StopPanicBuying #BeKind #mufc #MUFC_Family,Extremely Positive,,,,
3855,48807,"Reno, NV",16-03-2020,"Of all the things to panic buy in an emergency, I don't get why toilet paper is so important. If you're afraid of the worst case scenario, just wash up in the tub and use your money on food. Y'all crazy. #coronavirus",Extremely Negative,,,,
3856,48808,San Clemente,16-03-2020,"THANK YOUR GROCERY CLERK!

Went to grocery store today and looked into the weary eyes of the clerk.

I thanked her and realized that she was thrust on the front line of this panick. A new breed of first responders? They are working hard to serve their communities. #coronavirus",Positive,,,,
3857,48809,,16-03-2020,"With the outbreak of Covid-19 in entire world, the retail shops in Malaysia is facing a great challenges. In the near future, online shopping will be a surprise way for all the people while many will lost their jobs. #Malaysia2020 #Malaysia #COVID?19",Extremely Positive,,,,
3858,48810,,16-03-2020,"My thoughts on impacts of coronavirus on food markets

https://t.co/bPodDdPRcE",Neutral,,,,
3859,48811,"Spokane Valley, WA",16-03-2020,"Consumer Corner: #Scammers Taking Advantage Of #COVID-19 Fears



#coronavirus #cdc #flu #trends #alert



https://t.co/sk9qCJsnYl https://t.co/T7qejP3hys",Negative,,,,
3860,48812,Drifter ,16-03-2020,"4. ""Both the masks made for medical personnel and for consumer purchase require a once-obscure material called melt-blown fabric.""



https://t.co/3hCd9IiWoX",Neutral,,,,
3861,48813,"Hamilton, Ontario",16-03-2020,"My work is capitalizing on the  demand for packaged food and making us stay open as opposed to closing for all our health and safety #LockdownCanada

#coronavirus",Positive,,,,
3862,48814,"Dallas, TX",16-03-2020,"So, are we feeling like it's ethical to still do stuff like order deliveries (food, online shopping, etc.), ship ""isolation"" care packages to loved ones, etc.? #COVID2019",Extremely Positive,,,,
3863,48815,Boston,16-03-2020,What 2K Consumers Told PYMNTS About How COVID-19 Changed Their Daily Lives https://t.co/Ybg8Zupdf6 via @pymnts,Neutral,,,,
3864,48816,,16-03-2020,Bought a house during Covid-19 panic. Didnt think to buy food for the house. Tragic.,Extremely Negative,,,,
3865,48817,The European Union,16-03-2020,Seen in a Facebook group - businesses need to stop increasing prices on essentials while we are in an emergency situation - its frankly despicable and is totally void community spirit! #nameandshame #covid?19uk #coronavirus #Liverpool https://t.co/StTAkyqQiZ,Negative,,,,
3866,48818,"London, England",16-03-2020,"@BobJLowe Sadly those are the misinformed thinking that COVID-19 gives diarrhoea, therefore they had to stock-pile toilet papers. ? ATM, hygiene and food are more important.",Negative,,,,
3867,48819,Melissa Schuman is a Liar ??,16-03-2020,@TinaMcCauley70 Yeah my parents are risky people to the covid 19 thats why we stay at home just go to the supermarket when really necessary.. stay safe too ....,Positive,,,,
3868,48820,"Canvey Island, Essex, UK",16-03-2020,"CN - #Coronavirus #COVID19 



I will be in the group (and so will my Mum, who I live with) in the group that needs to be ""shielded"" for 12 weeks (3 months). This will mean staying in. I hope I can still get the online shopping that I need.",Positive,,,,
3869,48821,NCSU,16-03-2020,"Its kind of like how saying a word over and over makes it not sound like a word anymore.



For many of the people who dont think the COVID-19 news is BS, its making them go to the stores and panic buy food and basic necessities until theres nothing left.",Neutral,,,,
3870,48822,,16-03-2020,"Hi, COVID-19. Thanks for making me do more online shopping.",Positive,,,,
3871,48823,,16-03-2020,"Corona scare sends sea-food prices skyrocketing in Mumbai



&gt;&gt; https://t.co/GB11EFBYIB 



#seafood #coronavirus #CoronavirusOutbreak #CoronavirusReachesDelhi #Coronavid19 #CoronaVirusUpdates #COVID2019 #COVID19 #JhalakBollywood #JhalakKollywood #JhalakTollywood https://t.co/U5Dg3LoFYG",Neutral,,,,
3872,48824,"Morgantown, WV",16-03-2020,Pausing student loan payments in addition to halting interest accumulation amp stopping punitive student loan collections would provide much needed immediate relief to those individuals unable to work amp are facing economic hardship,Neutral,,,,
3873,48825,,16-03-2020,"@balajis On the consumer side - the tech is there (some Chinese group already demostrated ELISA test strips for COVID-19, though details were lacking). For consumer though @US_FDA would have to deem it as a waived test, which doesnt come that easily",Positive,,,,
3874,48826,MA & New England by way of CA,16-03-2020,Lost wages either due to illness from 19 or to the virus  economic impact will mean an increased demand We urge and to support a bill that includes support for food banks flexibility for and school meals and increased,Extremely Positive,,,,
3875,48827,"Napa, Ca",16-03-2020,"The actions of some are so selfish. If I were CEO of a grocery store, from 7-9 am would be a time for people over 65 to shop; show ID. I just saw a young couple with 300 rolls of tp. No one is that full of crap. Well maybe



#CoronavirusOutbreak 



 https://t.co/Hrbzmh95VQ",Extremely Negative,,,,
3876,48828,New York City,16-03-2020,Coronavirus poses a complex puzzle for food-delivery companies - their delivery capacity may buckle under surging demand. https://t.co/1C1cMLmQii via @WSJ #services #food #delivery #coronavirus,Negative,,,,
3877,48829,Cornwall England,16-03-2020,"@TheJoshuaTurner @Loreign83 @peanut_astro @my_amigouk @afneil @BorisJohnson @patel4witham This is both disgusting and disgraceful charging over inflated prices for items for stopping the spread of COVID-19, the government really needs to do something abou",Extremely Negative,,,,
3878,48830,"Boston, MA",16-03-2020,"As more retailers close physical stores or curtail hours as a result of Covid-19, it is agoing to put additional pressure on other omnichannel alternatives like grocery delivery and curbside pick up.  https://t.co/kgyDow3Nrz #covid19 #ecommerce #omnichannel #retail #digital",Positive,,,,
3879,48831,"Whittier, CA",16-03-2020,"Check out what these folks are up to here in So Cal ? I like this idea ?



La Habra supermarket offers special hours for seniors amid COVID-19 crisis https://t.co/ncTXF8TGyf",Positive,,,,
3880,48832,Great Wakering Essex,16-03-2020,"Love it or hate it, head advice @10DowningStreet &amp; @BorisJohnson 

Blip in our lives but its happening!

?? Dont whinge about what you cant do 

?? Dont panic buy as food wont run out

?? DO spend time with the family

?? DO use common sense

#coronavirus @WorldHealthOrg2",Positive,,,,
3881,48833,"Andersonville, Chicago, IL",16-03-2020,"An open letter to consumer-debt holding organizations and others: We are at the precipice of a crisis of household economy. Please suspend debts (and interest/fees) for sixty days in response to the COVID-19 crisis.



Feel free to sign here:



https://t.co/JMZZJOmNT9 https://t.co/YR2tcPx1Ee",Extremely Negative,,,,
3882,48834,"Sydney, Australia",16-03-2020,"#COVID?19 #COVID19Aus #coronavirus Just wanted to spread this news to all older Australians, particularly those still mobile but without family support: https://t.co/yDGX4lK8L0",Negative,,,,
3883,48835,"Boston, MA",16-03-2020,"Sadly, this does not surprise me

Heard from one payer exec that they are laying low, hoping all blows over. 



Mind bogglingly stupid and this was a nonprofit Blues plan! https://t.co/zr67d1u12Q",Extremely Negative,,,,
3884,48836,"Barnsley, England",16-03-2020,I work in retail I keep stock back for our older customers so when such as frank comes in store for his bread and he sees a empty shelve I say dont worry pal Ive saved you 1. Same as pat n her beans. Could I get disciplined? Yes do I care ? No Ive got a ?? #coronavirus,Positive,,,,
3885,48837,"Bangkok, Thailand",16-03-2020,In attempts to lengthen runways marketing budgets are being slashed hiring is being frozen and staffing matrices are being redrawn and dive deep into how consumer startups are battling the impact of on their business,Negative,,,,
3886,48838,"Windsor, Ontario, Canada.",16-03-2020,"...at this time, our distillery remains in operation, but we will not be offering public tours or hosting functions or events. Our retail store is also closed...""

https://t.co/lYZg2kfsm0",Neutral,,,,
3887,48839,"Los Angeles, mostly",16-03-2020,"Please don't hoard food and water. There's absolutely no need to panic buy; the supply chain is completely interrupted. And above all, please don't hoard sanitizing products; there are people out there who really need them, probably more than you. #DontPanicBuy #coronavirus",Negative,,,,
3888,48840,,16-03-2020,"The fact that canned food, toxic chemicals and store bought hand sanitizers are out of stock, yet fresh fruit, vegetables and herbs are FULLY stocked, shows that humans have no idea how the immune system works.

#QuarantineLife #COVID2019",Extremely Positive,,,,
3889,48841,"Houston, TX",16-03-2020,"Just called mum and dad in UK (over 70). They are great but I offered help with online shopping etc. We might sometimes forget that this is not always easy.



Do the same if you can. ??

If you are far from your parents like me Tech can be really useful. #COVID?19  #Coronavirus",Extremely Positive,,,,
3890,48842,KDH,16-03-2020,People seen stocking up on goods into trolleys after the panic buying rumours spread today at hypermarket in Kajang March 16 2020 Picture by Shafwan Zaidon,Negative,,,,
3891,48843,"Worcester, Massachusetts",16-03-2020,"As we often see during major news events, criminals will try to take advantage of any situation. The Coronavirus, or COVID-19, is no exception. Here is some guidance from the Attorney General's office: https://t.co/KT5J4QqCwS",Negative,,,,
3892,48844,"Leicester, England",16-03-2020,"Pretty sure within a week or two, supermarket supply chains will dry up as more counties are effected by Covid-19 (and possibly go into lockdown). If so, would the government introduce a form of rationing so that people can eat? Somehow I don't think so.",Extremely Positive,,,,
3893,48845,"Adelaide, South Australia",16-03-2020,"Supermarket workers are at the frontline of COVID-19.



These are extraordinary times and retail is under extreme pressure.



When shopping, please remain calm and thank the workers that are doing everything they can to keep the shelves stocked and the checkouts moving. https://t.co/0uHGM8gsp8",Positive,,,,
3894,48846,FREE goal setting guide ??,16-03-2020,"Worried about COVID-19? 



I more worried about people panicking.



Having a plan:



&gt; You're not panic buying food.

&gt; You can focus on the important issues. 

&gt; You have the best opportunity for a positive outcome.



Create structure, reduce key decisions. Flourish



Stay safe.",Extremely Positive,,,,
3895,48847,"Washington, DC",16-03-2020,".@kroger is the biggest supermarket chain in the United States.



It has 453,000 employees and many receive no sick leave.



Even after 2 employees tested positive for COVID-19, @kroger still won't provide paid sick leave to everyone



https://t.co/19uNybttHl",Positive,,,,
3896,48848,"Washington, DC",16-03-2020,"@kroger Instead of paid sick leave, @kroger is providing 2 weeks paid leave ONLY to people who test positive for COVID-19 or are placed under mandatory quarantine



This is insufficient to protect staff and the public, especially with little testing av",Positive,,,,
3897,48849,San Joaquin Valley CA,16-03-2020,I followed this when I went shopping a few days ago. It's a pain but necessary! Protect Yourself From Grocery Shopping - Consumer Reports #COVID2019 #StayHealthy https://t.co/48nG14me6E,Positive,,,,
3898,48850,Planet Earth,16-03-2020,"@joncoopertweets I took these pictures today at my home grocery store in Montgomery County, MD. No flour, sugar, sweet potatoes, potatoes, orange juice, paper towels, or toilet paper. Low on meat, mac &amp; cheese. #coronapocolypse #Covid_19 #panicbuying ",Negative,,,,
3899,48851,"Portsmouth, England",16-03-2020,"I hate grocery shopping in general but I swear Im doing it online next shop, can not deal with the swathes of panic buyers at all! #COVID?19 #coronavirus #coronavirusuk #anxiety #panicbuyinguk #morons",Extremely Negative,,,,
3900,48852,"London, UK and....",16-03-2020,Rapid delivery food order made (since no slots elsewhere for weeks). All seemed fine until email listing what was out of stock. They are about to deliver...one bottle of orange juice! #coronavirus #panicbuying #whatashitshow,Negative,,,,
3901,48853,,16-03-2020,"THANK YOU To all the grocery store employees for working so hard making sure everyone is getting what they need.

Please be kind to them its not their fault that we are short on supplies.

#Corona #covid_19 @ https://t.co/QC0uNeVQej",Extremely Positive,,,,
3902,48854,USA,16-03-2020,"This also needs to be said: going to the grocery store cannot be done completely safely. Meaning, without the risk of getting the #coronavirus or of spreading it. You can reduce risk by staying more than 6 ft from other people &amp; washing your hands, but you can't eliminate it. 1/3",Positive,,,,
3903,48855,I try to be politics free but will comment on Trump/GOP policy as the news is dominating tape.,16-03-2020,"Maybe the coming recession might play in three phases:

(1) Damage on main street by COVID-19 [ongoing]

(2) CB rescue, temp. recovery on credit mkt, but no recovery on consumer econ

(3) Unknown second shock later finally brings wall street down altogether

$SPX $RUT $NDX",Extremely Negative,,,,
3904,48856,,16-03-2020,You know it's the end of the world when @BootsUK Surgical Spirit is out of stock online and (won't be receiving any further stock) - How am I supposed to disinfect my hands now ? #coronavirus #coronapocolypse #panic #shopping https://t.co/iQIpUz50Sc,Extremely Positive,,,,
3905,48857,d.,16-03-2020,"This is getting real in my world and I know its been real in so many worlds. If you can, please sign this petition for food and bev people in Colorado!? https://t.co/xnmgljLOsV",Positive,,,,
3906,48858,"Abilene, TX",16-03-2020,"Amid 'social distancing' during COVID-19 crisis, Starbucks moves to 'to-go' only https://t.co/HbJDKnjPrD",Extremely Negative,,,,
3907,48859,"Abilene, TX",16-03-2020,"Abilene bar feels economic impact of COVID-19

https://t.co/YH5Oyx2VT4",Neutral,,,,
3908,48860,"Denver, CO",16-03-2020,"UPDATE: Make sure to check your local listings to see what is open/closed at what times.

Chick-fil-A (Drive through only)

Starbucks (Using to-go model)

Early closing include King Soopers, Sam's Club etc..

https://t.co/8yP3x1MH4h",Positive,,,,
3909,48861,"Los Angeles, CA",16-03-2020,A supermarket in La Habra is trying to help local seniors during the COVID-19 pandemic by opening its doors a half-hour early each day exclusively for shoppers 65 and older. https://t.co/6B0xjUUI0G,Positive,,,,
3910,48862,"Los Angeles, CA",16-03-2020,A supermarket in La Habra is trying to help local seniors during the COVID-19 pandemic by opening its doors a half-hour early each day exclusively for shoppers 65 and older.? https://t.co/U3An6bnU5L,Positive,,,,
3911,48863,,16-03-2020,"They should have something where the elderly and the people (who don't stock up a ton of food, essentials) can buy what they need first,  then  the more greedy and panick buyers can get what they need. ?? #stoppanickbuying #thinkingofothers #coronavirus #COVID19",Negative,,,,
3912,48864,Kansas,16-03-2020,"Kids Get Mild COVID-19 Symptoms, But Chance of Transmission High: Study https://t.co/MKxFtAk74d",Positive,,,,
3913,48865,"Fort Wayne, IN",16-03-2020,New @CSPI consumers guide examines how 20 largest restaurant chains by sales are handling paid sick leave during COVID-19 pandemic. Results not good: 60% didnt disclose any paid leave policy and only 3 chains offer sick leave at all locations nationwide https://t.co/YPJClnpMi2,Extremely Negative,,,,
3914,48866,Lots of different places,16-03-2020,"@SPARintheUK Can you confirm why in store signage says you're taking extra precautions in light of COVID-19, when staff are stating nothing is changing. 



What efforts are your management doing to protect your retail workers?  Speed is crucial here. 
",Positive,,,,
3915,48867,"Berkshire, England",16-03-2020,"More idiots at work causing unnecessary problems of empty shelves in supermarket.

He's got enough rice to last him for 2 years.

#Covid_19 #panicshopping #pricegougers #Idiots https://t.co/F6K5c2S3bE",Negative,,,,
3916,48868,"Berkshire, England",16-03-2020,"It's fringing idiots like him who have caused prices to rise &amp; create shortages. He's also probably wasted a lot of money as some will have expiry dates.

Shopkeepers must use rationing to be fair to customers.

#Covid_19 #pricegougers #Hoarders #Idiots #panicbuying #selfishpeople https://t.co/TWlpw3q0mj",Positive,,,,
3917,48869,"Washington, DC",16-03-2020,"CONGRESS (TEMPORARILY?) PARALYZED 



 House still finalizing technical corrections to coronavirus bill

 @replouiegohmert currently holding it up anyway, insisting bill be read on the floor, which would require House returning 

 Senate fighting about other issues",Negative,,,,
3918,48870,"Long Beach, Calif., USA",16-03-2020,"The Consumer Financial Protection Bureau has reported that one employee tested positive for COVID-19. Federal financial regulators are mandating that most employees work from home. 

https://t.co/MhUu7mffPT",Positive,,,,
3919,48871,,16-03-2020,@AirCanada very poor customer service if you let the algorithms run the prices up in states of emergency and do not refund the cost. Also very poor staffing @Airport_FRA #COVID2019,Extremely Negative,,,,
3920,48872,,16-03-2020,"I love this ?? all grocery stores should have a set hour (preferably in the morning) for the elderly population or those with compromised immune systems to use the store. Thats good, clear thinking.

.

@brianschatz @maziehirono @NYGovCuomo @GovInslee 

#COVID?19 #coronavirus https://t.co/TMQH0CSeIN",Extremely Positive,,,,
3921,48873,,16-03-2020,"If you temporarily lost your job, check out Amazon. They are hiring to handle surge of coronavirus related buying. https://t.co/xQq7wqaGid",Negative,,,,
3922,48874,"Melbourne, Australia",16-03-2020,"@cgafun @DanielAndrewsMP My daughter is 16, and has stories like that from her friends with supermarket jobs. One of them said ""Why do adults act like COVID-19 is my fault?"". Or having to stand up to a middle-aged woman who refused to put back 5 boxes of ",Positive,,,,
3923,48875,"Wakefield, England",16-03-2020,Currently self isolating as Im symptomatic. Thinking how to support elderly neighbour/ friend. Ive done her online shopping for her (agreed it over the phone!) and calling her daily! We might even attempt a skype video call... #unitedagainstdementia #coronavirus  @alzheimerssoc,Extremely Positive,,,,
3924,48876,"Los Angeles, CA",16-03-2020,"If youre the people walking into retail stores... youre the problem. Youre responsible for making this shit spread. Feel guilty, stop shopping. Online shopping is available from home. #coronavirus #retail #Covid19Walkout",Extremely Negative,,,,
3925,48877,,16-03-2020,"NYS is aware that there is an uptick of #Coronavirus scams on social media, emails, texts and websites. 



If you're aware of a scam involving a financial product or service, visit the @NYDFS website or call their Consumer Hotline at: 1(800) 342-3736.



https://t.co/MqPbpLOZyY",Extremely Negative,,,,
3926,48878,????? ???? ????????,16-03-2020,#unpopularopinion You'll be able to tell how much a community understands of the restricted movement order by how empty their supermarket shelves are. #COVID2019 #Malaysia2020,Negative,,,,
3927,48879,"Pennsylvania, USA",16-03-2020,Will katie and I be moving in this weekend amongst the COVID 19 panic Yes Will have food or toilet paper No Will we have any self respect Also no but at least we ll have each other,Negative,,,,
3928,48880,LA ,16-03-2020,We need more of this to help seniors #CoronavirusOutbreak https://t.co/D09B71I699,Positive,,,,
3929,48881,United States,16-03-2020,FYI it s called the not the Chinese Virus Notice nasty mentions supporting industries to help his stock market trump s still trying to CUT Medicare amp Social Security benefits food stamps AND remove pre existing conditions coverage from ACA,Extremely Positive,,,,
3930,48882,"Charlotte, NC",16-03-2020,"Stores in Charlotte continue to voluntarily shut their doors due to #coronavirus concerns. This is a tough decision, but one many stores deem necessary. Remember, when possible, online shopping is an option if you still want to support businesses @SpecNewsCLT https://t.co/hrCCohkFWE",Positive,,,,
3931,48883,Mountain View,16-03-2020,"@HEB I like shopping at H-E-B and am a fan. Appreciate your efforts to limit food shortage &amp; COVID-19 spreading, tho my concern is with the lack of push towards curbside pickups &amp; delivery. The 3% additional charge per each item on the cart for on",Positive,,,,
3932,48884,Michigan,16-03-2020,"? HAPPY M O N D A Y Friends ?

-

I know everyone is uneasy about all thats going on with the #coronavirus but lets not forget about our small business who need our support! Whether youre shopping online or ordering https://t.co/AibxMekdro",Extremely Positive,,,,
3933,48885, Malaysia,16-03-2020,"Good move in tackling down the Covid-19 spreading. 



Now please implement a new policy to restrict consumers from hoarding goods at any supermarket/grocery stores. No point creating safety measurements if some people cant be changed from being selfish.",Positive,,,,
3934,48886,The Great State of Texas,16-03-2020,"My office is ready to prosecute price-gougers as we deal with #coronavirus.



Any Texan who needs to file a #pricegouging complaint should call 800-621-0508 or online at: https://t.co/IFq3ZB7Tl5",Negative,,,,
3935,48887,The Great State of Texas,16-03-2020,"?CONSUMER PROTECTION ALERT? 



Be aware of #coronavirus related cyber security scams!

 Do NOT reveal personal or financial info in emails.

 AVOID clicking on unsolicited links.

 Use trusted sources, ALWAYS.

Report attacks! Need to file a complaint?

https://t.co/XWDm4JWZo0",Negative,,,,
3936,48888,Nairobi,16-03-2020,"23:31 #KenyanTraffic Queues to buy guns in LA ?

Buyers tell me theyre scared of what will happen if people run out of food and supplies, and they need to protect their families Were live on @TheTodayShow as #coronavirus panic hits LA. https://t.co/ehSQGGxoql via @AmeliaAdams9",Negative,,,,
3937,48889,"Dunedin City, New Zealand ",16-03-2020,Spark s Manila call centre is closing to help prevent the spread of Covid 19 Calls will be routed to NZ based help deskers instead Spark is asking for patience with calls and that people use the MySpark app or visit a retail store,Extremely Positive,,,,
3938,48890,"Phoenix, AZ",16-03-2020,I feel like I won the #lottery just now. How much is this worth on the #stockmarket #toiletpaper #Arizona #coronavirus #StopPanicBuying #FoxNews #fox10phoenix https://t.co/PLJCt49ik7,Extremely Positive,,,,
3939,48891,"Columbus, Ohio",16-03-2020,"it's a bad habit i'm definitely guilty of but all OR/hospital staff definitely need to avoid wearing #scrubs in public. especially now, nobody wants to see that at the grocery store! ?#covid19 #Medtwitter #coronavirus",Negative,,,,
3940,48892,United States,16-03-2020,"World leaders do you still not realize the #Kashmir struggle?

Westerners are in a state of panic and stocking piles of water and food supplies imagine being lockdown for more than 7 months. 

Wake up!!!

#CoronavirusOutbreak #KashmirLockdown #Kashmiris #COVID2019 #coronapocolypse",Negative,,,,
3941,48893,London,16-03-2020,"I've not been able to get Doggo's food, not due to panic buying, due to european supply issues caused by Covid-19.... Have ordered from Amazon but paid £20 more, wonder if I'll get this or not. If not Doggo is on rations!",Positive,,,,
3942,48894,,16-03-2020,Ive been online shopping for the past 2 days now #coronavirus,Neutral,,,,
3943,48895,,16-03-2020,"When the government says to start social distancing, but you work retail so you can't just not talk to customers in the store lol fml I'm 100% going to catch covid-19",Positive,,,,
3944,48896,"Adelaide, Australia",16-03-2020,"Plus side to covid-19 is saving money.



Online shopping packages from China are HELLA delayed. I don't own a car and don't wanna use public transport.



Hell. I don't wanna be around people who have apparently just worked out how to wash their hands and wipe their ass.",Extremely Negative,,,,
3945,48897,Arizona,16-03-2020,"I am hearing the National quarantine is going to start on Wednesday the 18th.  They said stock up on essentials, food and ammo.  ?  They believe this is going to get ugly. #coronavirus #covid19 #nationalquarantine",Negative,,,,
3946,48898,,16-03-2020,"So food banks are now closing because they can't source enough items thanks to fckwits panic-buying everything. Who cares about the broke single-mum with three kids who can't feed them? As long as YOU have 6 mths of pasta stockpiled, let 'em starve. ?#coronavirus #covid19",Negative,,,,
3947,48899,United States,16-03-2020,"DEAR HOARDER :

#COVID?19 #COVID19 #coronapocolypse #coronavirus #COVID #Hoarders #groceries #panicshopping #StopPanicBuying https://t.co/bV0ajl2Yww",Positive,,,,
3948,48900,London,16-03-2020,First shops to make this effort could really win the PR game... and make a real difference. https://t.co/6TqO57Lt0q,Extremely Positive,,,,
3949,48901,"Denver, CO",16-03-2020,"How come #TrumpIsAnIdiot or #trumpneedstoshutup is not trending?? For real!! People are freaked, stores cant keep food on their shelf, and the stock market is out of control. @realDonaldTrump please for the sake of the county shut up. #coronavirus",Neutral,,,,
3950,48902,Rear spot ?,16-03-2020,"Mum actually mounted a dispenser and soap. You wash your hand before you enter her supermarket. 



No chance for Covid-19",Positive,,,,
3951,48903,"North Carolina, USA",16-03-2020,"I would list a plethora of To Dos, but unfortunately my day jobs are in health care and supermarket retail. So while everyone is bucking down, Ill be out taking care of the sick and feeding the hungry.

#coronavirus #COVID2019 #StaySafe #frontlines",Positive,,,,
3952,48904,Global citizen,16-03-2020,"Things I may stockup on if things get crazy 

1. Chocolate 

2. Make up remover 

3. Concealer for my dark circles 

4. Chewing gum

5. Pringles 

6. Seeds to grow flowers 

7. Manual of how to survive in an apocalypse 

8. More chocolate 

9. Gin

10. Kitten heel shoes

#coronavirus",Negative,,,,
3953,48905,"Toronto, Ontario",16-03-2020,Please read our full LAVA Covid-19 Statement &amp, Announcement of Online Store for Consumer Electronics and Computing Interfaces here: https://t.co/1u3gfhzk0Z https://t.co/s8pH8wAsty,Positive,,,
3954,48906,"Nairobi, Kenya",16-03-2020,Cleanshelf supermarket Sanitizers 19,Neutral,,,,
3955,48907,United States,16-03-2020,@Walmart @Target @kroger increase your workers for your online shopping and add more time slots for pick up and delivery... and hire workers for a short time from other business being shut down! #WINWIN #coronavirus #stayindoorsandshop,Positive,,,,
3956,48908,"Palo Alto, CA",16-03-2020,Thank you @NorthgateGlzMrk for taking care of our abuelos/as! https://t.co/nWmxYoOMHf,Extremely Positive,,,,
3957,48909,"Scunthorpe, England",16-03-2020,"Also, to the people stocking up on soap, hand sanitiser and toilet roll, leaving the shelves empty the rest of us. You do realise to stop the spread of #coronavirus other people need to be able to wash their hands too...



?? #StopPanicBuying https://t.co/MzLdWhLGGg",Positive,,,,
3958,48910,Nottinghamshire,16-03-2020,My 79 (nearly 80) year old nana hasnt stock piled food or toilet rolls. But...she has stocked her cupboard up with two full tubs of horlicks #Priorities #CoronaVirus ?? https://t.co/MRK7r62Fv5,Neutral,,,,
3959,48911,"Columbia, MD, United States",16-03-2020,"If a person doesnt have the capability to do online shopping, I would encourage for a relative / friend / acquaintance to do the shopping for them (if out of city / state / country) and have them as alternate pick up person. #coronavirus #CoronavirusOutbreak #Covid_19",Extremely Positive,,,,
3960,48912,Hogwarts - Jamaica,16-03-2020,Televangelists are making a killing from the CoVID 19 panic. Theyre selling their survival meals for $750 for 60 days worth of food. ?? Im almost sure it was at least $200 cheaper two months ago.,Extremely Negative,,,,
3961,48913,Nowhere,16-03-2020,"COVID-19 RETAIL EDITION 

fitting rooms closed the store is pact. People are upset that they cant try on clothes the worst thing on their mind rn is not being able to fit in that pair of jeans. As restaurants and bars are closing Im reminded of the ignorance of corporate America",Extremely Negative,,,,
3962,48914,,16-03-2020,"The opportunities &amp; challenges caused by #reverselogistics are even more apparent with the current #COVID-19 pandemic. As many stores have closed their physical locations, even more consumers are turning to online shopping. https://t.co/jmewQM90Z7

#ECommerce #Returns #Coronavirus https://t.co/CCVKSzz3OH",Positive,,,,
3963,48915,Scotland,16-03-2020,"Here is a photo from an Edinburgh supermarket last night. I happen to work here. 



Im one of the workers the UK gov classed as low skilled just a couple of weeks ago, before Covid-19 hit us bad.

#Thread https://t.co/7M61CZtYO9",Extremely Negative,,,,
3964,48916,"Camberley, UK",16-03-2020,.@bbchealth  How can someone in a high-risk group distance against #COVID-19 when not enough drivers to deliver online shopping &amp, has no friends or relatives? My position &amp, all here are in same group,Negative,,
3965,48917,"Los Angeles, CA",16-03-2020,Actual footage of me trying to go to the grocery store this weekend. Im not sure what yall doing with all the toilet paper but please remember were all in this together. #panicbuyers #coronavirus https://t.co/73WwtXqvT3,Positive,,,,
3966,48918,United States,16-03-2020,"So, I've seen this BS pop up all over Facebook in various community groups.  You cannot call the toll free number on a can of infant formula, tell them you cannot find formula at a retail store due to COVID-19, and they'll send you a full case of free formula.  IT IS A HOAX!!! https://t.co/2CyxHEaCEZ",Extremely Positive,,,,
3967,48919,Blue State,16-03-2020,"FYI: I checked out the freeze dried food companies. Seems everyone is sold out, or out of stock, or backlogged for weeks. #coronavirus",Positive,,,,
3968,48920,,16-03-2020,"Although panic stockpiling may have left shelves empty, there may be some silver linings in the #coronavirus cloud such as a rise in online grocery shopping, deliveries, drive-thrus and services like post-mates! @TheSpoonTech



https://t.co/DIO9KGFixp",Negative,,,,
3969,48921,,16-03-2020,"I haven't panicked bought &amp; only have enough provisions for me &amp; my family for a few days. 



I also don't have a car thanks to the idiot who smashed into mine last week. 



No online shopping slots for 3 weeks. 



It won't be Covid-19 that kills my family, it will be lack of food!",Extremely Negative,,,,
3970,48922,,16-03-2020,"Mass hysteria isnt going to successfully deal with COVID-19.

For the majority contracting COVID-19 will see mild flu symptoms so no need to panic buy 6 months worth of toilet paper and canned food.",Extremely Negative,,,,
3971,48923,"British Columbia, Canada",16-03-2020,"Went to the store today. Most canned food is gone. We needed toilet paper and actually got a pack of 12 rolls. We got milk and cat treats as well. Thank god for Save on Foods for still having some stuff. 

Over 100 cases of Covid-19 in my province so panic buying is common.",Positive,,,,
3972,48924,"Chicago, IL",16-03-2020,https://t.co/r9skYbYiHt CALLING SMALL BUSINESSES: Chicago's Department of Business Affairs &amp, Consumer Protection (BACP) is soliciting your feedback to develop resources and measures to support small businesses that have been impacted by COVID-19. Please fill out this survey ASAP.,Extremely Positive,,,
3973,48925,"Douglas, AZ",16-03-2020,And if you work at supermarket store you live paycheck to paycheck ????? #COVID2019,Neutral,,,,
3974,48926,"Pennsylvania, USA",16-03-2020,What 2K Consumers Told PYMNTS About How COVID-19 Changed Their Daily Lives - https://t.co/hG5vYrH02L,Neutral,,,,
3975,48927,London/South East,16-03-2020,"What's the plan for supplying food @BorisJohnson? The panic buying is crazy and the supermarkets have no slots for delivery. Rationing seems sensible. You can't ""suggest"" (how feeble) we self-isolate for months without telling us how we'll eat. #coronavirus",Extremely Negative,,,,
3976,48928,"Euless, TX",16-03-2020,Consumer-debt holding organizations: Debt Relief for American households impacted by COVID-19 response - Sign the Petition! https://t.co/r6fjiK6Xxh via @Change,Negative,,,,
3977,48929,,16-03-2020,"Taken by Henk Zwoferink on Saturday in Wörgl, our black beauty hauled a train bringing the last tourists home. Our colleagues are #workinghard to keep supply chains running while respecting the measures to ensure everyone's #safety. A pleasure to work with such #DedicatedPeople! https://t.co/EoXT7Q43ZB",Extremely Positive,,,,
3978,48930,"Philadelphia, PA",16-03-2020,Is it safe to work here amid coronavirus? https://t.co/hmqwl0JCo8 via @phillyinquirer,Positive,,,,
3979,48931,"Oxford, OH",16-03-2020,Americans Stock Up On Food as COVID-19 Concerns Rise. the only thing i bought on this list is a few extra boxes of pasta...https://t.co/C0z5g5aTmj,Neutral,,,,
3980,48932,"New York, NY",16-03-2020,@Nordstrom Rack stores making efforts in Washington St market to drive store sales this weekend $JWN #retail #retailapocalypse2020 #coronavirus #retailnews https://t.co/9dfkB2NuCr,Neutral,,,,
3981,48933,Worldwide,16-03-2020,How to Avoid Coronavirus Phishing Scams - Consumer Reports https://t.co/D166pdSHLM #covid-19 #Coronavirus #coronavirus #Coronavirusupdate #Coronapocolypse,Extremely Negative,,,,
3982,48934,"Cleveland, OH",16-03-2020,If you have any updates from grocery stores or any shopping experiences from this weekend or today....let us know! Which store still has what in stock? What are they out of?? #COVID19 #Coronavirus #LOTL,Neutral,,,,
3983,48935,Malaysia,16-03-2020,"My colleague texts me at 8pm to ask if I need anything from the supermarket.



Me: could you buy me 2 cartons of unsweetened almond milk ?



I try to convince myself I'm not millennial material and I say sh*t like this 



#COVID2019",Positive,,,,
3984,48936,India,16-03-2020,"Stock market corrections

Currency rate corrections

Oil prices corrections

Interest rate changes

Currency rate fluctuations



#coronavirus #covid2019 #coronavirusindia is a LIFESTYLE CORRECTION



Wisdom is in collectiveness

Respect nature for it to reciprocate

No one is above other",Extremely Positive,,,,
3985,48937,United States,16-03-2020,@olson_jessie @NashTerrance @MccrorieJim @ArmyVet1775 @rogerscarmen @AliM20698746 @jimbo_always @bill_wrights @ddcampassr @JewelsJones1 @real_pat_henry @WeSeeYouWeKnow @____54_____ @RandallKraft @DatoFreddy @LennyInnecken6 @SanMateogirl11 @brandyls76 @Spa,Neutral,,,,
3986,48938,"Ohio, USA",16-03-2020,"Casper Provides Business Update On COVID-19 - https://t.co/ZS6NpEF9Vz YORK--(BUSINESS WIRE)--Casper Sleep Inc. (Casper or the Company) (NYSE: CSPR) today provided an update on its North America retail store operations in response to the continued spread of COVID-19.



In l... https://t.co/0oAHf51FtI",Neutral,,,,
3987,48939,Italy,16-03-2020,Left supermarket Right supermarket Now take a guess which country the press calls hysterical dysfunctional 19,Neutral,,,,
3988,48940,"Kent, UK",16-03-2020,When panic buying(thanks to the media) think of the elderly or those with disabilities who cant get out to buy food and essentials. #covid?19uk  #coronavirus #panicshopping https://t.co/1iAwpNs096,Negative,,,,
3989,48941,London | New York | Munich,16-03-2020,"""I already stocked up on food. Ammo was just the next step."" 



Sorry America, you can't shoot your way out of #coronavirus 



https://t.co/VnVJKDkBxM",Negative,,,,
3990,48942,"West Hollywood, CA",16-03-2020,"Why dont we make most grocery stores pickup only for the next few weeks? Would reduce crowding, panic buying, contamination, strain on workers. @Google could help build an app in a day. Open each store for 2 hrs for seniors who might be less tech savvy. #COVID2019 #Coronavirus",Negative,,,,
3991,48943,"Fujairah, UAE.",16-03-2020,"Joining hands with the UAE's efforts to contain the spread of the coronavirus (COVID-19) and considering the well-being of our mall visitors and community, gym, play areas &amp; amusement centres will stay closed.



LuLu Hypermarket and other stores are operating in routine. https://t.co/SVOTBu6ZNu",Extremely Positive,,,,
3992,48944,OnTheEdgeSEMelbourne,16-03-2020,Given restrictions around COVID 19 FIC will be postponed til 17 18 Nov Interest in food security is increasing amp we ll be meeting the demand for thought provoking discussions examining food issues experienced during the epidemic amp those we re likely to experience going forward,Positive,,,,
3993,48945,somewhere windy,16-03-2020,When people that were out here not taking COVID-19 serious get stuck indoors with no food because they decided it wasnt necessary to stock up &gt,&gt,&gt,&gt, ????,Positive
3994,48946,"Las Vegas, NV",16-03-2020,"@SarahHollenbeck @MyClearwater @abcactionnews But I kept hearing it was all the #boomers gonna travel on ""cheap flights"" and infect y'all. Meanwhile majority of Boomers are hunkered down at home afraid to go to grocery store! 

#COVID2019 

#SocialDista",Neutral,,,,
3995,48947,Commonwealth of Massachusetts,16-03-2020,"&gt;@MassGovernor announces $10M loan fund administered by @MassGCC to provide financial relief up to $75k to MA-based businesses, including nonprofits, with &lt;50 full- &amp; part-time employees impacted by #COVID19. #MAbiz



Release: https://t.co/nxrDH25i8r

Apply: https://t.co/w2VJdOwRcg https://t.co/sP6sTraxLQ",Extremely Positive,,,,
3996,48948,"Dallas, TX",16-03-2020,"All the pasta, pasta sauce and pizza were sold out at the grocery store. Did everyone in Dallas become Italian grandmas? #Dallas #coronapocolypse #COVID2019",Neutral,,,,
3997,48949,USA,16-03-2020,"DO NOT PANIC. DO NOT FEAR. 

Fear Is the Mind Killer

The pres. is WORKING WITH the private sector to ensure EVERYONE has access to food &amp; supplies. Turn off the CNN.

Resist herd mentality.

#CoronavirusPandemic #coronavirus #coronapocolypse 

(hea!th) 

https://t.co/1Hw3xzvkS5",Extremely Positive,,,,
3998,48950,"Cambridge, MA",16-03-2020,Our retail store will be closed through the end of March. We are doing this to keep our staff and customers safe during the COVID-19 crisis. We WILL continue to fulfill and ship out orders placed online. Pickups will not be available until we return to regular hours. https://t.co/h1DQBiPbuB,Positive,,,,
