OriginalTweet,Sentiment
menyrbie phil gaan christ,Neutral
advice talk neighbour family exchange phone number create contact list phone number neighbour school employer chemist go set online shopping account po adequate supply regular med order,Positive
coronavirus australia woolworth give elderly disabled dedicated shopping hour amid couid outbreak,Positive
food stock one empty please panic enough food everyone take need stay calm stay safe covidfrance couid couid coronavirus confinement confinementotal confinementgeneral,Positive
me ready go supermarket couid outbreak i i paranoid food stock literaly empty coronavirus serious thing please panic cause shortage coronavirusfrance restezchezvous stayathome confinement,Extremely Negative
news region i first confirmed couid case came sullivan county last week people flocked area store purchase cleaning supply hand sanitizer food toilet paper good tim godson report,Positive
cashier grocery store sharing insight couid prove credibility commented i i civics class know i i talking about,Positive
supermarket today buy toilet paper rebel toiletpapercrisis couid,Neutral
due couid retail store classroom atlanta open walk in business class next two week beginning monday march continue process online phone order normal thank understanding,Positive
corona prevention we stop buy thing cash use online payment method corona spread note also prefer online shopping home time fight couid govinda indiafightscorona,Negative
month crowding supermarket restaurant however reducing hour closing mall mean everyone using entrance dependent single supermarket manila lockdown couid philippine,Neutral
due couid situation increased demand food product wait time may longer online order particularly beef share freezer pack thank patience time,Extremely Positive
horningsea caring community let i look le capable village ensure stay healthy bringing shopping door help online shopping self isolation symptom exposed somebody ha,Extremely Positive
me need stock food i all amazon deliver whatever need coronavirus amazon,Positive
adama release couid resource center travel brand insight help travel brand stay up to date consumer travel behavior trend,Positive
line grocery store unpredictable eating safe alternative find whether avoiding restaurant right now coronavirus couid,Positive
eyeonthearctic mar russia consumer surveillance watchdog reported case high arctic man traveled iran couid observed,Neutral
amazon glitch stay whole food fresh grocery delivery a couid spread we ve seen significant increase people shopping online grocery spokeswoman said statement today resulted system impact affecting,Extremely Positive
struggling please consider donating food bank nonprofit demand service increase couid impact job people i way life,Positive
nation infected couid world must play fair china goverments must demand china adopts new guide line food safty chinese goverment guilty irosponcible life global scale,Extremely Negative
couid coronavirus pandemic impacting consumer shopping behavior purchase decision retail sale according first insight study,Neutral
amazing cheap deal couid going help you trial monthly yearly reasonable price subscription do u bestiptv itv service itv iptvdeals cheap itv football he movie adult cinema hotmovies iptvnew itv adult,Extremely Positive
amazing cheap deal couid going help you trial monthly yearly reasonable price subscription do u bestiptv itv service itv iptvdeals cheap itv football he movie adult cinema hotmovies itv iptvlinks movie,Extremely Positive
downingstreet grantshapps done ensure food essential product re stocked supermarket panic buying actively discouraged cannot left checkout staff police action selfish profiteer,Negative
uk consumer poll indicates majority expect couid i impact last month at march expect increase next tracker see full result retail coronavirus consumer confidence tracker here,Extremely Positive
preparation higher demand potential food shortage hunger coalition purchased percent food implemented new protocol due couid coronavirus,Negative
morning tested positive couid feel ok symptom far isolated since found possible exposure virus stay home people pragmatic keep updated i i panic,Extremely Negative
see malicious price increase ny ny department consumer worker protection down set page digitally file complaint click here file complaint use word overcharge couid covidnyc,Negative
sealsoftheend soon dwindling supply unlawful panicky people breaking closed store amp supermarket raid normally crisis massive coronavirus stickup amp lockup,Extremely Negative
country empty shelf people see buying ensues food stock,Negative
hole food image nicest grocery store one richest neighborhood united state breakingnews breaking coronavirus coronavirusoutbreak couid couid couid couid collapse,Extremely Positive
retail store closure could explode coronavirus via cab brickandmortar,Neutral
coronavirus fun fact cough grocery store get whole aisle pretty quickly coronavirusoutbreak coronavirus couid,Extremely Positive
we re sorry say finfabuk event cancelled due couid health wellbeing attendee speaker staff top priority apology disappointment may cause far answered link below,Negative
went supermarket yesterday toilet paper gone anything corona virus couid,Neutral
yes buy need what i point posting photo people supermarket load stuff could buying elderly parent kid sibling etc can i buy everything need viral couid alr,Positive
worried impact current couid pandemic finance we ve published tip help manage money challenging time couid,Positive
wife work retail amp a customer came yesterday coughing everywhere saying couid requested deep clean store company objected due cost recommending team spray disinfectant amp clean themselves we re gonna die get sick due capitalism,Negative
go supermarket like without judged coronavirusoutbreak couid,Positive
we re provide safe shopping experience customer healthy environment associate community online order placed here jumbo jlmcobrand coronapocolypse coronavirus coronavirusoutbreak couid shoponline,Extremely Positive
curious think retail shopper lot online shopping be they re home unable go think everyone spooked get extra pair shoe economy onlineshopping coronavirus couid stanhope,Positive
check video no food usa market due coronavirus panic gonna die starvation coronavirusoutbreak coronavirus houston food notoiletpaper handshakes nohandsanitizer couid pandemic totallockdown covidusa walmart,Extremely Negative
breaking story online clothes shopping rise people find mysterious white patch forming clothes quarantinelife coronavirusoutbreak coronavirus imadethisup fakeness,Neutral
line outside target customer wait store open morning,Neutral
south african stock food basic good coronavirus panic hit coronavirussa couid,Negative
please share know someone living struggling get local supermarket due issue around offering free delivery healthy soup nationwide anyone need plus freezable,Extremely Positive
people posting sharing photo half completely empty shelf calling people dumb idiot shopping grocery store lol coronavirus couid,Positive
never thought i i say this but come back please coronavirus couid peoplearelosingtheirminds stopthemadness stoppanicbuying,Extremely Positive
couid restriction sparking run cannabis store they re closed yet customer stocking cannabis weekend preparing could retail store restriction coming day,Neutral
everything we re seeing current couid outbreak seen previous epidemic pandemic rise fear racism panic buying food medicine conspiracy theory proliferation quack cure,Extremely Negative
everyone closed remain open emergency store thank retail worker couid pandemic socialdistancing retail,Neutral
stock water cause utility company shut middle pandemic school close thier door lose work cause kid go can i afford month worth food coronavirus senatorromney,Negative
dear coronavirus i ve following social distancing rule staying home prevent spread you however i ve spent alarming amount money shopping online submit expense reimbursement let know coronapocolypse coronavirus,Positive
global food price spread couid intensified across several geography could see downward pressure coming month due continued well supplied market negative impact demand resulting virus,Extremely Negative
morning everyone great safe day coronavirus stoppanicbuying behind muff muff family,Extremely Positive
thing panic buy emergency get toilet paper important afraid worst case scenario wash tub use money food y all crazy coronavirus,Extremely Negative
thank grocery clerk went grocery store today looked weary eye clerk thanked realized thrust front line panick new breed first responder working hard serve community coronavirus,Positive
outbreak couid entire world retail shop malaysia facing great challenge near future online shopping surprise way people many lost job malaysia malaysia couid,Extremely Positive
thought impact coronavirus food market,Neutral
consumer corner scammer taking advantage couid fear coronavirus cac flu trend alert,Negative
both mask made medical personnel consumer purchase require once obscure material called melt blown fabric,Neutral
work capitalizing demand packaged food making u stay open opposed closing health safety lockdowncanada coronavirus,Positive
so feeling like ethical still stuff like order delivery food online shopping etc ship isolation care package loved one etc couid,Extremely Positive
i consumer told pants couid changed daily life via pants,Neutral
bought house couid panic didn i think buy food house tragic,Extremely Negative
seen facebook group business need stop increasing price essential emergency situation it i frankly despicable totally void community spirit nameandshame couid uk coronavirus liverpool,Negative
bobjlowe sadly misinformed thinking couid give diarrhoea therefore stock pile toilet paper atm hygiene food important,Negative
tinamccauley yeah parent risky people couid that i stay home go supermarket really necessary stay safe,Positive
in coronavirus couid group and mum live with group need shielded week month mean staying in hope still get online shopping need,Positive
it i kind like saying word make sound like word anymore many people don i think couid news i it i making go store panic buy food basic necessity there i nothing left,Neutral
hi couid thanks making online shopping,Positive
corona scare sends sea food price skyrocketing mumbai it it seafood coronavirus coronavirusoutbreak coronavirusreachesdelhi coronated coronavirusupdates couid couid jhalakbollywood jhalakkollywood jhalaktollywood,Neutral
pausing student loan payment addition halting interest accumulation amp stopping punitive student loan collection would provide much needed immediate relief individual unable work amp facing economic hardship,Neutral
calais consumer side tech some chinese group already demonstrated elisa test strip couid though detail lacking consumer though u fda would deem waived test doesn i come easily,Positive
lost wage either due illness virus economic impact mean increased demand urge support bill includes support food bank flexibility school meal increased,Extremely Positive
action selfish ceo grocery store would time people shop show id saw young couple roll to one full crap well maybe coronavirusoutbreak,Extremely Negative
coronavirus pose complex puzzle food delivery company delivery capacity may buckle surging demand via wse service food delivery coronavirus,Negative
thejoshuaturner foreign peanut astro my amigo neil borisjohnson patelwitham disgusting disgraceful charging inflated price item stopping spread couid government really need something abou,Extremely Negative
retailer close physical store curtail hour result couid going put additional pressure omnichannel alternative like grocery delivery curbside pick up couid commerce omnichannel retail digital,Positive
check folk cal like idea la habla supermarket offer special hour senior amid couid crisis,Positive
love hate it head advice downingstreet amp borisjohnson blip life it i happening don i whinge can i dont panic buy food wont run spend time family use common sense coronavirus worldhealthorg,Positive
open letter consumer debt holding organization others precipice crisis household economy please suspend debt and interest fee sixty day response couid crisis feel free sign here,Extremely Negative
couid ovidius coronavirus wanted spread news older australian particularly still mobile without family support,Negative
sadly surprise heard one payer exec laying low hoping blow over mind boggling stupid nonprofit blue plan,Extremely Negative
work retail keep stock back older customer frank come store bread see empty shelve say don i worry pal i ve saved pat i bean could get disciplined yes care i ve got coronavirus,Positive
attempt lengthen runway marketing budget slashed hiring frozen staffing matrix redrawn dive deep consumer startup battling impact business,Negative
at time distillery remains operation offering public tour hosting function event retail store also closed,Neutral
please hoard food water there i absolutely need panic buy supply chain completely interrupted all please hoard sanitizing product people really need them probably you dontpanicbuy coronavirus,Negative
fact canned food toxic chemical store bought hand sanitizer stock yet fresh fruit vegetable herb fully stocked show human idea immune system work quarantinelife couid,Extremely Positive
called mum dad uk over great offered help online shopping etc might sometimes forget always easy can far parent like tech really useful couid coronavirus,Extremely Positive
people seen stocking good trolley panic buying rumour spread today hypermarket kang march picture shaman pardon,Negative
often see major news event criminal try take advantage situation coronavirus couid exception guidance attorney general i office,Negative
pretty sure within week two supermarket supply chain dry county effected couid and possibly go lockdown so would government introduce form rationing people eat somehow think so,Extremely Positive
supermarket worker frontline couid extraordinary time retail extreme pressure shopping please remain calm thank worker everything keep shelf stocked checkout moving,Positive
worried couid worried people panicking plan it panic buying food it focus important issue it best opportunity positive outcome create structure reduce key decision flourish stay safe,Extremely Positive
roger biggest supermarket chain united state employee many receive sick leave even employee tested positive couid roger still provide paid sick leave everyone,Positive
roger instead paid sick leave roger providing week paid leave people test positive couid placed mandatory quarantine insufficient protect staff public especially little testing av,Positive
followed went shopping day ago pain necessary protect grocery shopping consumer report couid stayhealthy,Positive
joncoopertweets took picture today home grocery store montgomery county my flour sugar sweet potato potato orange juice paper towel toilet paper low meat mac amp cheese coronapocolypse couid panicbuying,Negative
hate grocery shopping general swear i i online next shop deal swathe panic buyer all couid coronavirus coronavirusuk anxiety panicbuyinguk moron,Extremely Negative
rapid delivery food order made since slot elsewhere week seemed fine email listing stock deliver one bottle orange juice coronavirus panicbuying whatashitshow,Negative
thank grocery store employee working hard making sure everyone getting need please kind it i fault short supply corona couid,Extremely Positive
also need said going grocery store cannot done completely safely meaning without risk getting coronavirus spreading it reduce risk staying it people amp washing hand can i eliminate it,Positive
maybe coming recession might play three phase damage main street couid ongoing cab rescue temp recovery credit met recovery consumer econ unknown second shock later finally brings wall street altogether six rut nix,Extremely Negative
know end world boots surgical spirit stock online won i receiving stock supposed disinfect hand coronavirus coronapocolypse panic shopping,Extremely Positive
getting real world know it i real many world can please sign petition food bev people colorado,Positive
amid social distancing couid crisis starbucks move to go,Extremely Negative
abilene bar feel economic impact couid,Neutral
update make sure check local listing see open closed time chick fil a drive only starbucks using to go model early closing include king coopers sam i club etc,Positive
supermarket la habla trying help local senior couid pandemic opening door half hour early day exclusively shopper older,Positive
supermarket la habla trying help local senior couid pandemic opening door half hour early day exclusively shopper older,Positive
something elderly people who stock ton food essential buy need first greedy panick buyer get need stoppanickbuying thinkingofothers coronavirus couid,Negative
kid get mild couid symptom chance transmission high study,Positive
new csi consumer i guide examines largest restaurant chain sale handling paid sick leave couid pandemic result good didn i disclose paid leave policy chain offer sick leave location nationwide,Extremely Negative
sparintheuk confirm store signage say taking extra precaution light couid staff stating nothing changing effort management protect retail worker speed crucial here,Positive
idiot work causing unnecessary problem empty shelf supermarket he i got enough rice last year couid panicshopping pricegougers idiot,Negative
fringing idiot like caused price rise amp create shortage he i also probably wasted lot money expiry date shopkeeper must use rationing fair customer couid pricegougers hoarder idiot panicbuying selfishpeople,Positive
congress temporarily paralyzed house still finalizing technical correction coronavirus bill replouiegohmert currently holding anyway insisting bill read floor would require house returning senate fighting issue,Negative
consumer financial protection bureau reported one employee tested positive couid federal financial regulator mandating employee work home,Positive
aircanada poor customer service let algorithm run price state emergency refund cost also poor staffing airport fra couid,Extremely Negative
love grocery store set hour preferably morning elderly population compromised immune system use store that i good clear thinking brianschatz maziehirono nygovcuomo govinslee couid coronavirus,Extremely Positive
temporarily lost job check amazon hiring handle surge coronavirus related buying,Negative
cajun danielandrewsmp daughter story like friend supermarket job one said why adult act like couid fault stand middle aged woman refused put back box,Positive
currently self isolating i i symptomatic thinking support elderly neighbour friend i ve done online shopping agreed phone calling daily might even attempt skype video call unitedagainstdementia coronavirus alzheimerssoc,Extremely Positive
you re people walking retail store you re problem you re responsible making shit spread feel guilty stop shopping online shopping available home coronavirus retail covidwalkout,Extremely Negative
ny aware uptick coronavirus scam social medium email text website aware scam involving financial product service visit nodes website call consumer hotline at,Extremely Negative
unpopularopinion able tell much community understands restricted movement order empty supermarket shelf are couid malaysia,Negative
katie moving weekend amongst couid panic yes food toilet paper self respect also least,Negative
need help senior coronavirusoutbreak,Positive
fyi called chinese virus notice nasty mention supporting industry help stock market trump still trying cut medicare amp social security benefit food stamp remove pre existing condition coverage aca,Extremely Positive
store charlotte continue voluntarily shut door due coronavirus concern tough decision one many store deem necessary remember possible online shopping option still want support business specnewsclt,Positive
heb like shopping i e i fan appreciate effort limit food shortage amp couid spreading tho concern lack push towards curbside pickup amp delivery additional charge per item cart,Positive
happy i friend know everyone uneasy thats going coronavirus let forget small business need support whether you re shopping online ordering,Extremely Positive
good move tackling couid spreading please implement new policy restrict consumer hoarding good supermarket grocery store point creating safety measurement people can i changed selfish,Positive
office ready prosecute price gouge deal coronavirus texan need file pricegouging complaint call online at,Negative
consumer protection alert aware coronavirus related cyber security scam reveal personal financial info email avoid clicking unsolicited link use trusted source always report attack need file complaint,Negative
kenyantraffic queue buy gun la buyer tell they re scared happen people run food supply need protect family we re live thetodayshow coronavirus panic hit la via ameliaadams,Negative
spark manila call centre closing help prevent spread couid call routed no based help deckers instead spark asking patience call people use spark app visit retail store,Extremely Positive
feel like lottery now much worth stockmarket toiletpaper arizona coronavirus stoppanicbuying foxes foxphoenix,Extremely Positive
bad habit i i definitely guilty or hospital staff definitely need avoid wearing scrub public especially now nobody want see grocery store couid medtwitter coronavirus,Negative
world leader still realize kashmir struggle westerner state panic stocking pile water food supply imagine lockdown month wake up coronavirusoutbreak kashmirlockdown kashmiri couid coronapocolypse,Negative
i ve able get doggy i food due panic buying due european supply issue caused couid ordered amazon paid more wonder i all get not doggy ration,Positive
i ve online shopping past day coronavirus,Neutral
government say start social distancing work retail can i talk customer store lol fol i i going catch couid,Positive
plus side couid saving money online shopping package china hella delayed car wanna use public transport hell wanna around people apparently worked wash hand wipe as,Extremely Negative
hearing national quarantine going start wednesday the said stock essential food ammo believe going get ugly coronavirus couid nationalquarantine,Negative
food bank closing can i source enough item thanks fuckwits panic buying everything care broke single mum three kid can i feed them long myths pasta stockpiled let em starve coronavirus couid,Negative
dear hoarder couid couid coronapocolypse coronavirus couid hoarder grocery panicshopping stoppanicbuying,Positive
first shop make effort could really win or game make real difference,Extremely Positive
come trumpisanidiot trumpneedstoshutup trending real people freaked store can i keep food shelf stock market control realdonaldtrump please sake county shut up coronavirus,Neutral
mum actually mounted dispenser soap wash hand enter supermarket chance couid,Positive
would list plethora to do i unfortunately day job health care supermarket retail everyone bucking down i all taking care sick feeding hungry coronavirus couid staysail frontlines,Positive
thing may stickup thing get crazy chocolate make remover concealer dark circle chewing gum pringles seed grow flower manual survive apocalypse chocolate gin kitten heel shoe coronavirus,Negative
please read full lava couid statement amp announcement online store consumer electronics computing interface here,Positive
cleanshelf supermarket sanitizer,Neutral
walmart target roger increase worker online shopping add time slot pick delivery hire worker short time business shut down within coronavirus stayindoorsandshop,Positive
thank northgateglzmrk taking care abuelo a,Extremely Positive
also people stocking soap hand sanitizer toilet roll leaving shelf empty rest u realise stop spread coronavirus people need able wash hand too stoppanicbuying,Positive
nearly year old nana hasn i stock piled food toilet roll but she stocked cupboard two full tub horlicks priority coronavirus,Neutral
person doesn i capability online shopping would encourage relative friend acquaintance shopping if city state country alternate pick person coronavirus coronavirusoutbreak couid,Extremely Positive
televangelist making killing couid panic they re selling survival meal day worth food i i almost sure least cheaper two month ago,Extremely Negative
couid retail edition fitting room closed store pact people upset can i try clothes worst thing mind in able fit pair jean restaurant bar closing i i reminded ignorance corporate america,Extremely Negative
opportunity amp challenge caused reverselogistics even apparent current couid pandemic many store closed physical location even consumer turning online shopping commerce return coronavirus,Positive
photo edinburgh supermarket last night happen work here i i one worker uk gov classed low skilled couple week ago couid hit u bad thread,Extremely Negative
bbchealth someone high risk group distance couid enough driver deliver online shopping amp friend relative position amp group,Negative
actual footage trying go grocery store weekend i i sure y all toilet paper please remember we re together panicbuyers coronavirus,Positive
so i ve seen i pop facebook various community group cannot call toll free number infant formula tell cannot find formula retail store due couid they all send full case free formula hoax,Extremely Positive
fyi checked freeze dried food company seems everyone sold out stock backlogged week coronavirus,Positive
although panic stockpiling may left shelf empty may silver lining coronavirus cloud rise online grocery shopping delivery drive thus service like post mate thespoontech,Negative
panicked bought amp enough provision amp family day also car thanks idiot smashed mine last week online shopping slot week couid kill family lack food,Extremely Negative
mass hysteria isn i going successfully deal couid majority contracting couid see mild flu symptom need panic buy month worth toilet paper canned food,Extremely Negative
went store today canned food gone needed toilet paper actually got pack roll got milk cat treat well thank god save food still stuff case couid province panic buying common,Positive
calling small business chicago i department business affair amp consumer protection back soliciting feedback develop resource measure support small business impacted couid please fill survey asap,Extremely Positive
work supermarket store live paycheck paycheck couid,Neutral
i consumer told pants couid changed daily life,Neutral
what i plan supplying food borisjohnson panic buying crazy supermarket slot delivery rationing seems sensible can i suggest how feeble self isolate month without telling u we all eat coronavirus,Extremely Negative
consumer debt holding organization debt relief american household impacted couid response sign petition via change,Negative
taken heck zwoferink saturday will black beauty hauled train bringing last tourist home colleague workinghard keep supply chain running respecting measure ensure everyone i safety pleasure work dedicatedpeople,Extremely Positive
safe work amid coronavirus via phillyinquirer,Positive
american stock food couid concern rise thing bought list extra box pasta,Neutral
nordstrom rack store making effort washington it market drive store sale weekend own retail retailapocalypse coronavirus retainers,Neutral
avoid coronavirus phishing scam consumer report couid coronavirus coronavirus coronavirusupdate coronapocolypse,Extremely Negative
update grocery store shopping experience weekend today let u know store still stock of couid coronavirus lot,Neutral
colleague text am ask need anything supermarket me could buy carton unsweetened almond milk try convince i i millennial material say so i like couid,Positive
stock market correction currency rate correction oil price correction interest rate change currency rate fluctuation coronavirus couid coronavirusindia lifestyle correction wisdom collectiveness respect nature reciprocate one,Extremely Positive
olson jessie nashterrance mccroriejim armlet rogerscarmen aim jimbo always bill wright ddcampassr jewelsjones real pat henry weseeyouweknow randallkraft datofreddy lennyinnecken sanmateogirl brandy's spa,Neutral
casper provides business update couid york business wire casper sleep inc casper company nose car today provided update north america retail store operation response continued spread couid i,Neutral
left supermarket right supermarket take guess country press call hysterical dysfunctional,Neutral
panic buying thanks medium think elderly disability can i get buy food essential couid uk coronavirus panicshopping,Negative
i already stocked food ammo next step sorry america can i shoot way coronavirus,Negative
don i make grocery store pickup next week would reduce crowding panic buying contamination strain worker google could help build app day open store he senior might le tech savvy couid coronavirus,Negative
joining hand use i effort contain spread coronavirus couid considering well being mall visitor community gym play area amp amusement centre stay closed lulu hypermarket store operating routine,Extremely Positive
given restriction around couid fic postponed til nov interest food security increasing amp meeting demand thought provoking discussion examining food issue experienced epidemic amp likely experience going forward,Positive
people taking couid serious get stuck indoors food decided wasn i necessary stock it it it it,Positive
sarahhollenbeck clearwater abcactionnews kept hearing boomer gonna travel cheap flight infect y all meanwhile majority boomer hunkered home afraid go grocery store couid socialist,Neutral
it massgovernor announces i loan fund administered massgcc provide financial relief i ma based business including nonprofit it full amp part time employee impacted couid main release apply,Extremely Positive
pasta pasta sauce pizza sold grocery store everyone dallas become italian grandma dallas coronapocolypse couid,Neutral
panic fear fear mind killer pres working private sector ensure everyone access food amp supply turn can resist herd mentality coronaviruspandemic coronavirus coronapocolypse hea the,Extremely Positive
retail store closed end march keep staff customer safe couid crisis continue fulfill ship order placed online pickup available return regular hour,Positive
